0x535385a4871e43d1,0xb410606845eae33c,0x20163263cc2b6971,0x93c650dabc564ae8
0x97949cb442b89c58,0x3093dfe885b8d10e,0xf90b5406605db2b9,0x75b856b38000
0xab48f2e988019e27,0xf221283d2307e2e7,0xa3ee040d38f68c5c,0xb94178d56000
0xdf82ec17874f14bf,0xe4b7346b93f9a5d2,0xfc551350b6433859,0x32580650a000
0xed74cd6ebc1b94e5,0xad73a16dc6463160,0x7a051ca4a2468dd6,0x71d34c120000
0x46f9885063a25b74,0x20163263cc2b6971,0x48a3ec40eff88bc3,0x689860eb7000
0x982e1670a4df03f,0xcd83e3945690a543,0x5be66cd2e7173a25,0x393f32ae5000
0xa069a9dec2f018b3,0xccebc81bb1d0a949,0xcbeeded6a64a11ab,0x696f80e65000
0xceafdc1a455a0bc1,0xcfdb98a53704bd99,0xceaefcb146fc8f4b,0xe7f4f2f44000
0x625e92e2c2e311fb,0x7beb453913298ab3,0x2aa08e7a31edfc6e,0xa26b4c524000
0xdca37e64a876fc30,0x35abc618af18bf96,0x4e23af5972197578,0xcb4811c64000
0xb895e79b75dff1ed,0x613d4664fc0ac1c2,0x56116978dafcacc6,0x990d45ac5000
0x9904dd3a60bd85c6,0xdab60a8b7464b9c1,0x9ab364fa6966a166,0x6f9a01553000
0xba20d2db406a582a,0x339c324e5284b0c,0x49b4c56499909e97,0xb96b5b9dd000
0x5171adad76dab51e,0xfb09e0cba337747c,0xf7c23876f2ad144c,0x3e2d677be000
0x6646534dab469808,0x88ca1581544bae3f,0x807a38d8d49724aa,0xf23885515000
0xfedf11ccc92d57a3,0x430b3185741d1f0,0xdcdf680354b90084,0x1a3635ef2000
0x5e3be3d62db35d15,0x173c234f76f3b4b0,0xb0785deb2da33c3d,0x599d552b5000
0xbc59c6f532348227,0xe83697939845b023,0xef68924ed2bcc1ac,0xc864ecc15000
0xa49ebd077e9c4618,0xfa334ab5fb242dac,0x43b9c8c2ae3e3540,0x9a7d93e47000
0x5f73db4a6e05dd88,0xd56a169fbd50e054,0xfe578348fd402006,0x945a074b000
0xa549ea87d3ad8613,0xa732d777d04276bd,0x445487c34a3ec574,0x15222816f000
0x6ab889b86b64c630,0x247445e314786693,0x6b64215eec428f32,0xba3ff565e000
0xd38375bc06d9ded9,0xff5b0275e6e2b69b,0xbb85d6f199d29433,0x8eb9499d8000
0x101adf8b1a9d8697,0x8ae51436d7706514,0xbfd86151d3fc347f,0x15b728aa3000
0xc36c803e341f9ebc,0x1e28f4033718a2cb,0x68f34ec2750d5db5,0x41dd3016d000
0xa5ee652c3eaa0e76,0xfb777a8485b1c9cf,0xe84f15f837e60f2d,0x6d29f6bce000
0x6121096ad044e9da,0x6df9cdbed6f50259,0xc4e5f0a542d34911,0x11b7e4986000
0xbc1825dfb1cc13b3,0xb7170de229b781d,0x56e1d0ca43b88621,0xf1e08c65b000
0x92d710f50c293dd,0x97a7fed2315f9fa6,0x805871de20aea4b1,0x3d4e175c2000
0x426ffb1383daa179,0xd550d083551c5a6f,0xfa57a84cf220e4d2,0x7b532a2c8000
0xaacdc82435799b6b,0xc2ba11cb2467137c,0xa3aaa7885b47a0eb,0xc1b17156000
0x6467f78af3e6a9c3,0xb2686458e3d2049d,0xefa3c55bd59d5549,0x9f53d8b23000
0xb7f38c04ad7c687a,0xd905f148f806d4a2,0xe7de2432c4f61ca0,0x4375557aa000
0x3042cf404ab50780,0xf67b3304846c1ec3,0x4c9fd1b6d5e4f3dd,0xa0f4bd662000
0x351fa176e9601997,0xd751d55c02c9afe8,0xe0be6b640691538c,0xba219522b000
0xb87541caeed708e1,0x64c67059641b5487,0xeffced5362029b64,0x7cae64748000
0x180488653c7806ab,0xfaf22e7b8c1d79d9,0xd0f128f1f14bc127,0x75920f4bc000
0xd9cfc4d73524c3b6,0xa2e0700eac7052f3,0x70cffb2b5d7d4581,0x4bc6e705f000
0x83f51416dcf447e3,0xb4a11d3ab05a2f89,0x8eb0022ad2dd2121,0x9f459a241000
0xf530b3546d85aaca,0xc46d1e45d5ef0031,0x368552c9a4c611c1,0x21658f81f000
0xfdca9beaae2aa924,0x90d61772b6d2995,0xda63c2ef38704e84,0x2ab1eb0e6000
0x6a23ebbe311e4b0c,0xb97c4bc34075ea41,0x90a5a97b4bb4e988,0x77cafc2d6000
0xd163912c8d497278,0x6fe4b8f06db091d6,0xf9a05042555312be,0xc3fabe618000
0x7c657bb50f72f74f,0x839b5d1adaf689e5,0xfb15d9461edc557a,0xdd60add7b000
0x4edc181cce2da2cc,0xc47e61c4e214a3c9,0x503f22ebf3906035,0xccedc8a91000
0x6bd3fe05f2e3aea9,0x4933b053cfb8179a,0x5ac620e5f6e3b1d7,0x71c44a054000
0x140e2fbee9accfc,0x201e12f50f5ff271,0x52b388265550f236,0x41b01c744000
0x6edeac86576d584a,0x96a8a7a4840877db,0x6e9e127b61073dd5,0x67340255e000
0xd77b468cdbbbe1da,0xab86aea79ebf14a1,0x7d72dde844e2fc4f,0xb399cb70f000
0xacdd62c1343e3f19,0xcea0a7816ef1da9c,0x5b6824948519d082,0x3e489ac6c000
0x530966fd40005581,0xc17e7385fa8748f3,0xc0546c5df0f64912,0x29f65b701000
0xca2cdf08d641bb3d,0x16e1c803b08f930d,0x4af346c5a3f9ee5b,0xb26f15ada000
0xf22a52ddf4b7b501,0x869817f98ef227bc,0x2cc8e0a7bdc1c770,0x5c435914c000
0x7380eb93413ee48f,0x36205d6fbec774af,0x513edcde301dc87,0x57e67335a000
0x434325e844504e1d,0x2efc05d6b27af8a9,0xd0a9ece53b85fb04,0x79570e71e000
0x5940df3899ef74f5,0x79ad3b61dd3ede26,0x50cf8b9d2b18bd73,0x559d09bc7000
0x84668df0883b204b,0x6b444f5b256764a7,0xde3f06cec6d8c037,0x38b229ec1000
0xbb04af6dcf1b7a25,0xa5d1c125ecbd7b0b,0xc44905fc4efd7f88,0x54340f8aa000
0x91391f029ab0889e,0x15ab1d3d84a45904,0xbf1aae1b84ffff8a,0x4e9c27a07000
0x6ef1dab65082ffa3,0x38e4bbf280aec082,0x96a3d29ba14fb248,0xa59e8ac67000
0xd32bfb903260d6e9,0xf5a2aeef4fca97e2,0xb30f3ecee4a8b9d6,0x7b751461e000
0x4ceb6dd33fb4ea48,0x39d23ede3912059a,0x7ab1c6834be03e8e,0xf4e7cdbab000
0x41754e664aea57c,0xbdac2701d90918e6,0xf6f12d99471c108a,0xea1bbf214000
0xc939b57607775a60,0x161edf206f142ba1,0x638ca8382f2ab592,0x7f3fca3f5000
0x35879abdbbfef4f7,0x9b4f491d1bbc7718,0x854a97da276afa85,0x518f158cc000
0x7578a7d2c14ccdf3,0x4e1051992e185b89,0x351bdc96cc6acdd2,0x9d80eb765000
0x23a2407d41d5e720,0xb6cf437d6b363058,0x2f4006cc1e808758,0xbb33be542000
0xb8c6177309265d6,0x7b1fdb43345917d7,0x5adb3ce5769d041f,0x887a4dbfb000
0x94346f13eb3e822e,0x55502f79cf4f8033,0x674cf669abaea92b,0x1bb3411b4000
0xd70d594209e1fc51,0x2f6e2875d30da1d7,0xfd6276b876a849bd,0x2b00dda59000
0x38219725bd895a50,0xcf7867a18d659b91,0x57c3c5a5ebaeae73,0x6acefccef000
0x8adb3ecf22da8486,0x1e61c2d83644e3e,0x3682f342cc09bedc,0xfa5812921000
0x927fe99f4076f97e,0x6e3a25b03fe82cdf,0xbaaa3189436023ea,0xbf990c49000
0xeade3f0c4bc011e0,0x22a5b08cb87c882b,0xfa6411aecbf4e40e,0xda92dafd9000
0xd792742e0d012b36,0xfd30b09fbf7a66d7,0xe576b5f7bbabc10,0x89e56cd86000
0x2394fba50497f04c,0x6204db3633203bbd,0x8c02d442b9e8dc15,0x394d45063000
0x964ff6e0cd9fc770,0xe35e282c89540dad,0x9803d9d5ff927c52,0x72abfdc86000
0x56eb87eda19d7afa,0x285813230d3eec23,0xa6d46d4ab91ebabc,0x7274a8efd000
0xf06dc965b4943783,0x47ea7de5ba38a2db,0x48ec5b8c868822f6,0xb9a3ba76d000
0xaa8293a2eb09f31e,0x1182f3bd83594331,0x7c7240db23b31bdd,0x6292a0a59000
0xe0b337957472ac17,0xfea9b86b9c49fb9b,0xb4ffd2c3228c14df,0xa1f819bf9000
0x502d7d3b91169809,0x21e4dfda6ddb679b,0x10ebd01bb704a7a9,0x81aaa9951000
0x84b49c13b6aba11d,0x2e9121f3bc16f135,0x604eefcf8d3f240a,0x23b9b444f000
0xae79a86f561e0842,0x6b4364e7a8ef008e,0xb8c6b15dc7ee380f,0xe1df27390000
0x340daf6eaee205f4,0x7917f9152a39993d,0x8e750f4e52ad325d,0xaef542008000
0x1484f504e96165c8,0xdaedd86bd77be94f,0xa268207cd73a4226,0x161451117000
0x44e2023ed546ac8c,0x4d63602050608db1,0x687bd17e24a291c4,0x1a49a56db000
0xf46a2345174fa4e1,0xfe121045cc0ccdd,0x7cef363066f9c7d5,0x748f3877e000
0x2667fce42fae7587,0x38b7706905ef7d09,0x2f1959e73e0c43a7,0x97b43c559000
0x4b771f7bc8e32148,0x8e67232aa23d0032,0x699c68e49f6fed99,0xaceef4482000
0xa8b9cab936cf9f75,0xc5b718caea9e933c,0x62e2316d6c7a9070,0x8bc8c1a8e000
0x88018f2bfd4fafce,0x90d5277284381d68,0x522a3209621c1f3,0xc830665e9000
0x1dfdf9ea31977999,0xa75c3ad8ae7bc332,0x1d90d0e1c6d64ec3,0x587410737000
0x8bf64354d764fde5,0xe6fff303d6adbe4c,0x4ce625eaff8067f6,0x78db37d15000
0x1fd41315c9ba0d92,0x4d06dfb73a62a607,0xb0fc8cca353cf529,0x158ac78a3000
0x92e2ffe4003ea122,0x9e3381767e08b068,0xb322f403abb0adfb,0xd693d59ac000
0x69b045c50b3c6a8c,0x5f5d64d891bdb84d,0x218a1b719447c10,0x3a36bcfee000
0xa618d0e5a5c051,0x4a0eb681af7acbe0,0xc8bd8355a9a98dc5,0x3d9cdfa1d000
0x35020645ed4c1350,0x34424f1f4f7aadb0,0x98b58dd6135ee311,0xce817340b000
0xe37d7ac404f2dd62,0xb28c274b949d58dd,0xc21daff910a6438,0xdda250997000
0x9f95ddbca4d62279,0x5a6e971b68148f3d,0x9c80ed92e914da04,0xc815ac0aa000
0x4b0929092ca3edc4,0xe10e1b1337f1f95e,0x71ad1ce960413338,0x63b705514000
0x589aa572624ca3df,0x4675715937cf79eb,0xa60fc7c67c0ec936,0x266fe86c4000
0x294bc9996af0b4d4,0x94d1e0373121512a,0xe5edd9fa725920e3,0x6c892ed62000
0x5a9781019cda1065,0x594507d4d7ebd449,0x93fa8da306385733,0xbb36c4d10000
0x760e7f3724b6329d,0x59001e7a412dd66c,0xef26e009af78d2f9,0xca5415876000
0x2cf6cce31753a989,0xfd1d572c032f0ba9,0x892432e189618fc2,0xd4b995ca7000
0xbf3814f0e8ce3309,0xf4f859065fef6765,0x2c5b4e33e5b28a0b,0x291630696000
0x991d476fcede4db2,0x3da2bcb7171b6927,0xcdcd03e7a213ed45,0x1e666491e000
0x4656e3d9c122b71,0x23890d3996505c44,0x516caa8052bd5b4f,0x490a42158000
0x52ec23986e8e637e,0x3b77d1e4e9df193a,0x166c9e1ddbf0d460,0xb13673511000
0x6404ed0d2c4c1c2e,0x6bed4d6c25f65a4a,0x1bceaa9e4daa7593,0xae3eefb2f000
0x28f0fdfde8ff5f0b,0x3cb280741a0481fe,0xcf91c108460d3fc2,0x65b14cfec000
0x407c380ba438e7f6,0xd8668432326b9924,0xbb2341a8f1738e2f,0x2800d6b03000
0xac2cbaa21ad68528,0xb6dbe2d8565b552a,0x466a110066b9958e,0x8c49689cf000
0x6d91b7c5f1d0cf5,0xe3940538ece57348,0xae6c8ed45e2e6b11,0xdbef24844000
0xcba436edc3e24e0f,0xe1bda9482ee50aaf,0xba233dd8a3d97981,0x724ee1825000
0x9be3e21d6d38df2a,0xa2a9ceebc61a30a8,0x910b327bd3b01bb7,0xe2e144039000
0x138f66b45aed1274,0x39d398fe57d8ed02,0xf9a3f2a3c36517b5,0xf56c455fd000
0x1d89dae1e90ea68d,0xacbebf40eee7c427,0xad6771c8d0aade61,0x4c7733ac000
0xe580159567a9e171,0x74ce93ba4b58052f,0x9660454d45e80533,0xeb3d39439000
0x1f9c2aac7d8b53b1,0x7aa43bfa7c213014,0x5a137fadf24e561,0x44769cc6a000
0x290d9dd58eea587c,0x7d3d16979f44b64,0x2367b5551ee56462,0x1d082ae1c000
0xb97d4fedab16b141,0xdf23bc5bc533ffe7,0x51b8c4e5493151b,0x602e28ffc000
0x915bf6e616457186,0x797b88655eca8ba5,0x6a3c901923b95e2,0x43dd13539000
0x2a5bd28e88cbb4db,0x9404feba3e26dac3,0x423658bd8e5e4a80,0xf46d7ce84000
0x7e5b0bff7b4397ca,0x9445d32069d72df4,0x8e014c131f3e4090,0xb5cfbc4c000
0x87c85225ce2b9443,0x5ce897cf5bf1434d,0x8fb8c533251f96b2,0x595fbb2eb000
0x36ba9d19867fb9fe,0x346c550043c28b7d,0xefb252b874add956,0x4e4d202c3000
0xc86191ba695333ae,0x57d9cc41f62c68bc,0xb247fd49e5fc94c8,0xaa1ff7c9e000
0x521e980659771434,0x759652291fb1afa4,0xaa7a6bafb3e9af24,0xe37fdf045000
0x9c425064573429b8,0x3186b4a374ac2ec1,0x8af0f97f99c7c6f7,0x2910ed6b000
0x954abdcf8557c201,0x24019de1de6311ef,0x6bb45fb60407be4b,0x538282b4c000
0x685977299560b0b1,0x893f0f652f4720cb,0xcc8bff1c03251163,0x5ac5b5770000
0xbc8a4032ae97be51,0x32b04d38c7ab20ab,0xcc044627dce6cd4e,0x7ec6c8b68000
0xe8d6dd665828fa3d,0xbb6069703562cf63,0xba3136afde6daf52,0x1c26fc6e7000
0x4a3225143e53535e,0x1c3e9b106830568c,0x2f3f7ad57b1d6a41,0x94c8a6b3a000
0x2ea1033be15a7d8e,0xa5dc198653a104ac,0xda04e2564b473fe5,0x761dc7cf6000
0x9d7ab16e3e98d719,0x7950cebe4cabd993,0xfc8a0c43756d5777,0x6100597cb000
0x71115de362ab2418,0x9cf33bba23f209f3,0xf73a100d3f3294,0xb964d1c5e000
0x9659581074354351,0x1ff7c66605ab540c,0x68b8b9a543914677,0xbf38d82aa000
0x6997c27e48216f78,0x8f947378199788aa,0x7af78406a3f64c44,0xa8fe8cce6000
0xeca61512a3ea2c3d,0xaa8ea551aefa06e2,0x7b921869a711c329,0xb786d039000
0x7c4c7b770e52aa01,0x933da5d00362e6c5,0xad037a024847417a,0x584c94b6d000
0xab59886dc69560a9,0xeb29ed086afd9a95,0xd1f3b0ac6e035c0a,0x5bf58f9e3000
0x33e880c4285f98c4,0xa7480d6ad41fbfbd,0xe321952659c7a634,0x149d613d000
0x2e2be1c6b6d1ce4b,0xce35d3ebeb18ac05,0x6954815de1f0943f,0xbfb819289000
0xd86ff9dd2688a620,0xba8068ec4bec67ee,0x649d0914220d5cb9,0x76e1daf35000
0xf340254c114cfb14,0x7e7d5c01e7b3ff34,0xa8aabb3942cce12c,0x88a5ff1f1000
0x60128e7af10c3ba3,0x63d8e74a7f50d048,0xdc6e7d2ec51f5bfd,0xae501d5c7000
0x2484ac43ae2cbb99,0xab89d174ce3dc065,0x5b519bda9782d527,0x333c658da000
0x290e1b2c4e7b3546,0x6b2723bd0190e018,0x9e669a328687ef01,0x2bbf2b3e8000
0x814a3e9bb9a5264d,0x6dacc1754487b48,0xa19030f3390d8d5f,0x9731c7bb2000
0x78c397cea451c81d,0x1356d2cb129bb074,0xaf8e44cb1aaaf593,0x8a6f2aee7000
0x1ddc66f360fdc576,0x5ef807b6731ddc06,0x14bf24b32d5260de,0x8e8a780af000
0xf87c54df3b899d9a,0x8e60d2ec5d205896,0x7da5608fb248b5b3,0xae596d14f000
0x45d8f5896d648ff2,0xed3ef7848497c559,0x721f1f3be4bbc082,0x6482c6327000
0x6b981c6b2f8eabff,0xe0892149ad6b2ba3,0xd8f2928b49a3cfe9,0x6941a5555000
0x7fc9a5174c27dc04,0x7ba1daf6e67a9949,0x144f47170379dbe8,0xc58674c20000
0x93a37e6406ed6d5b,0x390bba4abcb39068,0x3ba8fb74969f9083,0x680d7d217000
0xdb3267b259520bc1,0xd2c6f04e1cfb012d,0x3d83514a13e89289,0xa0eb0c954000
0x22f0b5e0681317ae,0xa2bf11f59ed7be5d,0xb01f046bc99949ef,0xb1b29352000
0x90bfb3de82bcb0b,0xaa23c4ce10543fb1,0xd9267fa6bdd6c2cc,0xae118909e000
0x504f4e68a1f0d941,0x6e82612afe66ad5a,0xf98b297a0a060d68,0xd6aa10eab000
0x8a55d07d501e916e,0x3091259824a90468,0x645de26097b5afc5,0xbde467d3f000
0xdef97b10354293ec,0x62d35fd0dbdabf01,0xf3af63c7159b2cf9,0xbf9e78587000
0x67f5dfc5ab9279cd,0x4f1231200e63b322,0x479076d9e261fab1,0x1974974f8000
0xa4abf6b74155192e,0x67eed0e89773a502,0xe809ecd108af7a0d,0xdab847899000
0x2053f49dd8fef999,0x3eeb4dd11fa502a1,0x25c40f81408f2c0f,0x88ceba289000
0x84d6ea0c6ca2c6c,0xe8ca5cf647322f70,0xee84dffae8a6ab06,0xa9adf9d3d000
0xbac9c9b12e166b34,0xa65e4f6b8ac99582,0xd5a447cfc47735a4,0xc6f728f96000
0x5a0ca221fe4694c1,0x9e5272c318e55497,0x5f3562ace14c86d7,0xd827d37f7000
0x573f2e1fefd958c4,0xf0efddcdf5ad94e0,0xc989a50ccabd0867,0xb75fd0122000
0xb00ed5437035a073,0x616579883e242c33,0xcdf140f7da34135f,0xcbc82a4ef000
0x20be7fedc9542d66,0x46ee2a6d09d56410,0x6a87e7b17f8c1c3e,0x1aab1516c000
0xd95e32e848364c70,0xf1536501fcf7003,0x2a79803cdc557cee,0xf91b10df8000
0x5f4be5d75f8f6312,0x6f22e6ec6dda07e3,0xacecbe2d70cb59da,0x86de0d5f9000
0x657f08445950028a,0x625523c827572a70,0x459ad1bc33cafefe,0xe03162009000
0x772ff7d0028a83fb,0x3111097fa9c50121,0xd91d88d32f82e75b,0xb4f610a12000
0x307e8ae57420886a,0x51fb58a2959e17,0x589d7ef6bc3f4be8,0xccdc60f3b000
0xd41ec356948e9422,0xe898a1111fd0da5b,0x605e907980e6f892,0x5cb204a05000
0x68495e1ff47a41e5,0xb6f5ba8770477a81,0x37be5257ebb2965b,0x2c2ff454d000
0xd4ced584dcb0bc1,0xa2dcd3e0bcff5061,0x26447c3c5a0983a1,0x856e849b4000
0x27cfacef5a8afe2d,0xbdc97c105f9c2162,0x5d4e7cd7a1655f79,0x14f430e26000
0x325cecc5d5135ccd,0x3d1dfce8c0e207eb,0xfe514c88efe52a1b,0x675db7eb0000
0xbd36c3aebf5ba93c,0x873974e822d9b670,0xa02b8814d934fb12,0x93f6fc18c000
0xe4ba3204ac6c7738,0xb1b651c00b219b15,0xb42f6116d61a3229,0x8fd8a01a1000
0x5cf6d0a53866b28f,0x4391a3f4eaf6f521,0xe36a2c2f385b1f37,0x96201b41c000
0x82a9326e298e8cac,0x6fa752326b40b211,0x73f8f2090ec0abc4,0x7ea4b1200000
0x7f86914211b02140,0x4d7231ca95202bab,0x56a598ab843b266d,0xa64b94ab9000
0xaa5a7e9eece0edbd,0x8937742cceb7e2c4,0xc8fc0d4f9155c815,0x29fc96637000
0xddf838f9651f41a2,0xfb51729532481ea,0x32e5aeb304d361b6,0x584430d6a000
0xd629acd7999d31eb,0x98f7b80dead705e5,0xd7305c7be894ec00,0xe75babe96000
0x5aa5113615dc96ac,0xd1bbb01fcbbb91df,0x7507db4a3fbe6026,0x23b2d416d000
0x274fa26f177c59f1,0xd63bb3dc9ca48d78,0xd0461ced12601f08,0x867ff7943000
0x51850c5cee6f72dd,0xad368a2e8ec66cf,0xe156f055572db843,0x10aca5006000
0x2ff8cdb5ca9cb5d6,0xf5daed2f80b002d1,0xc649d0b5eecfe4d6,0xe95e7e47a000
0x38c8c08734c57089,0x3c755726a71dc1ad,0x163a72638e48e629,0xacc8654b6000
0x28c8334d33f436d5,0x91fa7eab9ae217b2,0x55a36f7e195b1136,0xac1adf68000
0x85fab2f3b9303a8f,0xaf4b149f6d052b92,0xf4c8380d3e37d1af,0xad874a11d000
0x1a8b5f06c6713fff,0xec406846b4ce24e1,0x25dc35abd38065bf,0x67741ea78000
0xaf210d49ea5b71a1,0xa13eeca75ef2e8e9,0x46f624a56eb6b120,0x120146400000
0x3a8f3bee15d0b3a7,0x27e0977da3527bad,0x3bb111a69bea6865,0xcec8e5cd1000
0xb5a43333d1c1a5b,0x1d49dd2d85401c92,0x649538445244ed7f,0xd8360f897000
0x30652b448ecc1b65,0xd24ac34531606eb2,0x43c8a938c9aae62f,0xa1b43f712000
0xc8bbcf7e63e2348c,0x9cf515ed6a437ea,0x31b87408a7b65ed8,0xd27afca02000
0x80740c578e0aa6c3,0x986eaf750910e1dc,0xbc43447b0dfe5d87,0xd1d193a4000
0x7bad9533d3753318,0x2891845de27e767c,0x5745c41a11d91e60,0x4e8059de000
0xb8ab030d198ffdfb,0xe0273d67bf4d4e3a,0x87f7bb46a3af9262,0x2965b0a66000
0x3d91c39536753600,0xa558846e944e85da,0xa13981c0926b5db6,0x3749fe561000
0xbd1bf44f3f9c1951,0x92b56672ac136564,0xc2a20cd5bc45423e,0xa8a2778b000
0x3a8583a282b05b17,0x51ffc9ec16751493,0x8e6ab2ac29ea91b0,0x3c0dbac52000
0xbe991ff9800aed47,0x4710edffd42b0a8f,0xe7a06ac229079900,0xd6512c553000
0xaa8e04b8a9d65e00,0x1d675d970d8af907,0xbdcca2c2657c516d,0xe4fc04084000
0x8a55ea82c2193a1d,0xa2143a2c1538780b,0x96d76c3c9f9c559,0xd819d8f4e000
0xde5b9077ce8e2a7e,0x614a7f5e29b23b51,0xbbbf063af8a1861b,0x9680e4df2000
0x785d8ede43ec965f,0x92230e51f91027f2,0xa38dec0ee0eb9e47,0xe565a2403000
0xa634b4da9092da6,0xe1cbd17302c68a96,0xfb25fd8c98f9c982,0x5cea6867f000
0xdcb597891a758195,0xcd5c4a5b2f542bcb,0xf243029de54e7c5e,0xba4f358bb000
0xf4567f3e6dd1ecc9,0x56cfa60366338247,0xb8e78994e745f7cb,0xaa1c12ecf000
0xe3b157380d609a8f,0x72993255b4e6c86e,0x54922098be49b4c9,0x4859f0182000
0x3baefb5d16909268,0xd93774e37596f31b,0xf707cb56f2fcc301,0x2c0e8843a000
0x20ac5a511578cb81,0x3b0244e2c0d67539,0x72dedc0012a5d9e,0x348c7d964000
0x9a26afe81bdd6594,0x91358469905ca350,0x3ef6e5c4964e92d9,0xc3abbe660000
0x230e01d6da6fcff4,0xd18100b9214cdf28,0xff42f3592870c1d3,0xcf3cd571b000
0x5f14890cae2a8987,0x3197d7406d826a8d,0x73d8d70cf1458374,0x1323d9b54000
0x8a4c4721b13ae724,0x9658f7f8a4e8519e,0x8aa376d824f6c942,0x209edc3c6000
0x9f220421aa4f063a,0x1451880a3ea7ab67,0xe849280b17d54b6b,0xa61df93bb000
0xe3bdfbd305ea0e74,0xb61651897ce9a16,0x6de5107ec348ee71,0x7cb7b5c85000
0xa6bcb339a11db0a5,0x2f9a8f81442613f0,0x72ace8740dd833e2,0x46d686094000
0x8e666c314ef13980,0xad7b1903eea4af20,0x9346ec1b41bff9e0,0xa45ccbc97000
0x8d807f329198571a,0xf372e9553d37b12b,0x29c500de5f90fcdc,0x7d99acdda000
0x71fe3410955a55f5,0xda108e5e93f93245,0x1fe899d3fc1038de,0x30c19a070000
0x1bbca542d7435c33,0x376bd0373fc4394e,0x810a8bddd60a0ea1,0xa0e2491fe000
0xf1591081be96ed35,0x96d4352217027519,0x9717b7cbb159398b,0x9cb01d5a7000
0xb25fc2325aae7fc6,0x6ea967a65b5c332d,0xc020a74b658e1869,0x81d40ea19000
0x7efdb672faa1e13,0x394c55d0a4b91332,0xae671e650f8a5b8e,0xa3a66d1f000
0x91365056088d14de,0x169bada9384e2fc6,0xa74aadc3759f1b90,0x19102e352000
0x2e3e5400777dc16e,0x6e147acabb1a5964,0x23451fcd099fabb2,0xf7d0f0f0c000
0x74cc212d67fd2e2c,0x74d94e40cf287c70,0x5adcc0ef9996f319,0x1f7290a9f000
0x9a5d1b68ba083ecb,0xe37fcf068959042f,0xf4b962c7076699f8,0xd05223288000
0xef766b22bcd638ab,0xede0c5f0a1357fb1,0xc41db4eaf1c7dde6,0x98bbac153000
0x841520c2cee47fe,0xf0762edb42176fa8,0x1767a102a68bb487,0xa251c25cc000
0x47bfa7fd08ed2c3d,0x423b0d157a746025,0x8c0967096e888f9c,0x6e6ee0152000
0x64ebba1636ee1f3b,0xb1f4638dd2706c50,0xab730636580f0d5d,0x6d8054de000
0xd636f1f7a9d0915e,0x91a65784be5dd54,0xc9108d5fb4339b70,0xb86aeb57f000
0xa9744d2fb1961124,0x4b2ed79c0f1cf236,0x357a7410076b9e06,0x183e14b9e000
0xdddd74ae681b9e92,0x87ec22581e08de51,0xb819ddc16fefca74,0xf1d950e52000
0x661e5de98feb1716,0x9160e6dae4d29122,0xe6285331fe9595eb,0xf6f1f280d000
0x5984b653dc53a530,0x94b219eb23de9033,0xf037d48e9fabc5e5,0x94c0c8c27000
0x7bebebb6ae2634f6,0xe5145afe25570261,0x1fa82cc12b09ca8f,0x84aac6843000
0x1136670c510701a3,0xff24ef8ace051110,0x4849543b7d39ba63,0xf14368332000
0x79587ceab5de5926,0x9d8c8aa2bc9846fa,0xd3362e56546c73cf,0xd7903abd2000
0x986ae71ef972dba,0xbd76746d387639b3,0x9e65a7be35e5ab28,0x12678e4e2000
0xc777ad0cd4d4268d,0xb0f73da3acafd761,0x30a1f6651c8ab82,0x403d39b82000
0x4b78deb84ec0ab8d,0x808ca1c5dcd8b348,0x550a45a3cabc90e2,0x83aa519b9000
0x7334ba88a30e158,0x6062b8c2ad0682fe,0xe093aeed91241d3f,0x11a963fd0000
0x7ff253377b0e6a39,0x3ef33cedd7126f51,0x310f001f3053e3e3,0x5da22d26c000
0x92db786fb190429a,0x9f58697fdfc3e57d,0x33906002a3aa3af5,0x601eedc32000
0x224b323ee4637294,0x311fd6a776b91d5,0xa9a4527637f11272,0xb9142feb8000
0x2032199f1e968f86,0x60b91f95fc115065,0x78de270b607296ac,0xeac9adf1c000
0xbef696c98a35fe63,0xd47e7a25f769585b,0x890532ccf1271e6f,0xe46e45a57000
0xf426351ee7cf238c,0x601c2ae61f0c573d,0x5b0ea6791df3026c,0x6dddd3378000
0xa5a1f5a531c12586,0x495b68542759e133,0xf6931ffcafaf10c1,0xa5b97ea7000
0xde40963ee8283515,0x314653bf8d9e1d68,0x7501fdb4cc7f6acd,0x687154e29000
0x5bcd8482b2981e96,0xa638dfa3c3804cd8,0xd351e64f52b1a2c4,0xbcb3a1be9000
0x21a08b5a00b8e914,0x25329cc7f9df29b5,0x79560c77c09d0513,0x2b3fb69ee000
0x566acf2d70db91f2,0xf7a7240296f2920d,0x5f01b471c5635e0e,0xf668c7880000
0x564d677b74fe342a,0x3298facff844ae6b,0x21b02144e256dce,0xc080f6ab1000
0xf35ff80ff92627a3,0x225f8fc8b4aec59f,0xf3d2e1b5d0fb600d,0x3c7a829f5000
0xa572a80c53e0d4c,0xf71ae618c18154f7,0x71c19be8b031d042,0x31da54693000
0xd0ea7020cc5851c2,0x4e178f6e77ae76ea,0x8381900b9743854e,0xecb613698000
0xae8a72238aae0b37,0x6477b71c818edb64,0x7b2adb58f7e062e3,0xc7477bfe9000
0xff4eb65e40ae9d9f,0xf95c33b9c93e098d,0x9a25ed7e6227b8f3,0x4143fcd55000
0x17d39d1ed58cd99d,0x56c56b4b4b937a2e,0xa00759b1a639d7af,0x57cacfe10000
0xbf8a7d787a010dd4,0xe6fc467ff1a882d5,0xd7be9a37b1790d31,0xeb8683e45000
0x91b3a017e2bd7f5e,0x475923c3eeb8f186,0x2526c2e8ef8f124f,0x7300d0b6d000
0x4cf9ac5d3fcbb886,0xed259bb56a6dbbc7,0x4253569910bdcb42,0x5ea61fc08000
0x44022b045ad13be5,0x349754f53943c2,0x67f7811dd0a53f42,0x45182fc5e000
0xbee58af21418bd2d,0x414084fd2240cc8f,0x860414523456e591,0x49720d98e000
0x6e13c847cf084b44,0xe8dc6ce96ad655ed,0x13a4f705b05544c5,0x6594bd143000
0x6246162b90b5924d,0x961c439efb8e7e9,0x8d329c4ce243a939,0x879385d05000
0x6da8ffe3f0425ad9,0x9637b81efa59dce9,0x93c650dabc564ae8,0x790f292cd000
0x1b4e790dea7e5ada,0xdc010cae234d3795,0xa39f152d7e602304,0xd0ac9878e000
0xafbefc7ac0726658,0x2ffe0e1eb0679f15,0x67f217ab45474309,0xea98976f6000
0xf75b3b1264533e31,0xa0a5d4588d4614bf,0x1292b3c750973582,0xde73cf5de000
0xcb23ebd1c081c32f,0x3526667ca6a34b0,0x89cfce4f96e6b8fd,0xd7877f91c000
0x77d654d15ad15523,0x3cdbee9c3fee151,0xe7408d35c88cbdc8,0x5e2c84c6000
0x6246a800078bf439,0x9560a765fbb4e1e3,0x772dc1f247fc2312,0x3155ccb4a000
0x6f7ef3ab01e69f04,0x888516e3bf3022d1,0x4cafa198b3b145ca,0xf8843f12000
0x2bcd4ad66b8372cb,0xa2635e4e97486de1,0xfc62242d76ae74a9,0xc99d11dc9000
0x88bb6253c39fb390,0x45291025c8e395be,0xd4337c1a5949c007,0xaccb4c3df000
0xda262ea20f493508,0xa6b5b4e18a4ff115,0x606a99c144d22ed6,0xa9a9c7461000
0x46cedec8043bbf03,0xc1b6f28444524035,0x9e3b2c0e6c22dd1a,0xbb78181bf000
0xc5484d19e8d98c,0xe3783f9a5eb11799,0x86c8beb3b87f561b,0x1d6ac2436000
0x9afcda35c7d0d27c,0xfc3ffd5c4f9ea02d,0x3eeb4229e846a50d,0xbcfb569e000
0x41102a9054dd9a9d,0xa0d042e788dd3586,0x2a5bb6a6cf682a3d,0xf18ecd1ca000
0xff431f0ebaf825f9,0xcdfac919c73e7c4d,0x5fbca48dfb3ab5c9,0x31b4c1ff1000
0x3e3610f9252d16e0,0xdaf3669be712b92c,0x92efc91e253c83cd,0xb32d2fd7d000
0x80efc0fbb446b5b,0xb2f6897fa85322cb,0x356de913e6bc833e,0xcc1145e49000
0xf50c8fcccf83b6b6,0x619c6a1156a15ed9,0x31ddb2d3b27ea3db,0x1d0f9cf87000
0x4320805f1c83fe42,0x1fe53a7425827f9,0x12a0fa8d5f040279,0x128c9056a000
0xecf5e41a2f3da1f2,0x3defd7a2bd3afdaf,0x3dc07f07bce8d1d4,0x83e9a8c4e000
0x6bdc9a7a6a18e15b,0x800f50cc70d800ad,0x92f2052e82bfbe01,0xe05c4a0f0000
0x8fa8f3aee9fccbfe,0xb82b340415dd6412,0xa2cc9a4c4e7e21dc,0x734ea3783000
0x8518108659179450,0x19d1e686442a22ea,0x8f86e3122fc119df,0xe82d49495000
0x870de1e101b0eaff,0x2c2741c968ce5164,0xead5129d383c0501,0xd5a4f835a000
0xab3ddfcd26fef994,0xdcc1b251a6d75a50,0x1a085bb301e6ca9d,0x4307dd459000
0xf2728ade88028d4e,0x7a9b066e4c2a80a9,0xd6b4804e84ed7354,0x408d4da4f000
0x79a4ca8272a500a5,0xb9dc74c25c59c181,0xebf2f625b1c7ae5c,0x848c5e8f8000
0x8f3f32501e81401e,0xcfa1f705333d3ed1,0x1e3069c88af9742a,0xe8fbd1789000
0xbfea5adda619453b,0xeaa92fbe50901758,0x91b5ba999d939dfc,0x960e71eea000
0xf4a92d9e5499f4,0x4d6c4ff8290e9765,0x9911ca7266d406a7,0x95ac76b2b000
0xe25b0a7f264ef9d6,0xf4545a35baf87a6c,0xd953d21783acc807,0xf521cc7d7000
0x85f0a02a387da47b,0xa3483ba2fbce25c9,0x8cb8e2afea5014e,0xcbb6854b1000
0xff62483a270f2e7b,0xfffbe2d210093b54,0xbd83d9c7b4c7025d,0xa41021e89000
0x57d600a02b330567,0xc954936dfe0147b2,0x7375af7d7d76b40b,0xa80d3bf34000
0x54ae906b1604c237,0xf7909527596d1dcd,0xd82e00b5b2bb6ebf,0xdcb095de1000
0x6f3cb580e4ee48b7,0xc61de8b5333d43ee,0x99f6d2e7053c6397,0xc3050e904000
0x1df13f76abbbd12d,0x3e36ecb8d8f0be5b,0x22a393b096b4fe66,0xd5851d035000
0x90340229ef910ab5,0x7bbf8fe7979072e9,0xbd3c3f05e9c631be,0x18f9247f9000
0x42178456cc516d46,0xb212d516c364faa8,0x708f4936291592b2,0x345e9b90d000
0x7a0d7af32f704d83,0xe4b7ebbde815688e,0x481e586d2d113884,0x90e863101000
0x44dbe18752ffcf7,0x1e6c222dadef4feb,0xe9cb239b560ad245,0x9afabda6a000
0x5e694a82319afb85,0x8368c0d7a003d3b9,0xae76d01f3b76592e,0x97b8c3c2c000
0x42292a1bc61ead52,0xc74146d9a54ea89b,0x29abaeb303168838,0xbc3606677000
0x36c24519346a85cf,0xe193362163f41424,0x5ef2ab787dcbecd2,0xe695f1bc9000
0x15395cacf3418dec,0xd5e7757d9dd2ee7f,0x12e9dfbe0250df50,0xd47de2642000
0xa3308e5a97b6bf4a,0x3fb18e959b5e89fb,0xf0d57230128acb78,0x100a21f4f000
0x6cd775843659279b,0xb5b9ba9305231a8a,0x36298173e60c2240,0x492a4a35c000
0xd2a27a1ef121de33,0x1426a95e503f37a2,0x3f8b91f2a1f0964,0x3e407c140000
0x8a50d32bcd3ac478,0xa7de35427c2f25bd,0x85db1653739f75b9,0xc6e030281000
0xb8f6b45079cfe5c9,0x9a912194d707119d,0xefdbcaa8b99e98f1,0x8b73cac09000
0xfb748e924e0bdece,0x84ef1601348256a2,0x387cf277652518b9,0xb51fa0f51000
0x13077cb7ed1b92ce,0x11fa7a9f5366f95e,0xc31a1a6ba8cc3135,0x3a3f120f5000
0xaee6a314dde0dfa,0x8f0079d0f19c2e15,0x77d0f02a84aa924f,0x584beaf80000
0x7692f8adcddbd46b,0xa4957fed54bf4aa1,0xbbe8367428d9b387,0x3eb530b05000
0x9f05cd35b3b5f811,0x31b12b6ea047b328,0x72e54a13f031f128,0xbb6bc5fc3000
0xc1c705480b0f8213,0xd5b9ccc10fb9b882,0x388c4aa08edf63b6,0x910c7624000
0x70a60f86f7e45207,0x954bd17cade4c9a8,0xb216a6c76949e673,0x8400d31e0000
0xd99bf003ad799461,0x5cbeba8fbb1e836a,0x55b12b8d8b302a48,0x69d57d1ab000
0x187896b67b4dd88a,0xa4ccd92a30ecae14,0x4114bf33de968060,0xd26aaa343000
0xd900dbd79d22fa5c,0x1e3ba0cae539cd6b,0x5f6fc217c5eaa81f,0x680f1f1bb000
0x3e2992b4fc114664,0xf77e751bc27a36c,0x984f6416f9097164,0x3bc2f4c0f000
0x1015f1ad8937d9f3,0x6278c0afc275576b,0xbdf7648e402ad187,0x5df9bdf3f000
0x9bb17b3d8d97f05e,0xd76a104755573ca4,0xad2f5954832a3812,0x1f0652d000
0x13d0ea232520be82,0x51b7eb026dc90944,0xbddcf88f8052fedb,0xca389197d000
0x2080b46a3cd52dc3,0xc30a4dd8e5e2885a,0xb9738ff4312dffe8,0xb4ec8cec2000
0x76e46c134380effb,0x1b650d6640cfe92b,0x4fb94dd70bc08318,0x1a6ff371e000
0x8ac7136c2e02e80e,0x825a9945eb1bd31,0x438d08d69f61c1,0xdd1bf8920000
0x79cdaa47fce7d3e5,0x8a51facfe6fbf4e5,0x97b39b1d5dc3a000,0xbfe7ef238000
0x9ae37979d43a7ae2,0x44d83c377fb7d8c2,0x809161509b9ff49e,0x7a7b0337c000
0x8a8857c710673c4c,0x79a43eda5484b269,0x1aa634041f515b5d,0x6a702b5a9000
0xa1808d7908c82134,0x2bfb7f5c68a4ab64,0x222fb4acd8682f67,0x5321a9d02000
0x9e99c954d619baeb,0xfa1e4b84c6cfa588,0x57b3c3023c54bf65,0xea17332e7000
0xd2d365cd356bc3a6,0x82340f47fd3b98a0,0xfeee31f83199d7c2,0xebf8b267d000
0x7569b4a985f43332,0x90b643ffc8c1107b,0x11f7078762ce9f1c,0x10ff34ca3000
0x96ef7d139fdfcb97,0xca6e989d82ac1e88,0x235fa9ff5ab13634,0xc9b0c2ad1000
0x4851e64d2bf03f24,0x1bab734686c1f24,0x5836b26805e69a70,0xed39b589c000
0x46b0a62e0db24419,0x270cab28b7f163c4,0x85649fc31dfc3c09,0xafd19924a000
0x504ac1ec78175b24,0x6dce5a3ecbab96d8,0x6765aff47ddd97cf,0x809ba9e000
0x56d15a516b0c74bb,0x39b23ad5fc575f2,0x38540f405f4949f8,0x3fb128745000
0x8df7759d083ed0ed,0xf9bbff83be8b73d7,0x48567ecc5beaebb,0x642d6a113000
0x5a36b16b206b44e,0x1e74c003b9bc34ad,0xd22464b31dc099c2,0xac7d6a971000
0xced463c622e76dab,0xbc0bd7bd7a8b3469,0x412cdc05fdca2165,0xcf24f5e1a000
0x38653e9f66906cb8,0x902e3a8b626080f5,0x1dff71e9d2334803,0x5fd68eb56000
0x828aa980f4dde2dc,0xd44760be23f38a5e,0xfeaf13c0eb7fcdba,0x834748d89000
0x6c832a898d840ed8,0x6ff05c586f05e50a,0xa6559588f35e5fb,0xd8adfcae000
0x7670e1efa2f12bac,0x12631aefc8e063fd,0x5dd16a476aa2695e,0xff5b00979000
0x55f751c0f0fe4ae9,0x59c40e4210860b3f,0xeb650946bf218b22,0x9b8954502000
0xd644173b2ddd80d4,0x202e67279101e40c,0x5f812e6fba6e0268,0x7817437000
0x25091c32d7910a6,0xd8f428d481a672a2,0x659876ec4286685f,0x393aaa2fb000
0x29f5116a1132ff77,0xdd9371d845505487,0xdb061cb9dcd43814,0xd4653906b000
0x761b09731754c5aa,0x813dbb10973cb01,0x4e1f3bef7532a294,0xfbff7526d000
0x5e2d600b18905c51,0x29ffe8864ddad44d,0x2634f94a9f5b1b19,0x5b73ded21000
0x62f46f6301807277,0xe2bb3e1b5bdc91e0,0x5a0ee3b0ec3e8674,0x65309de1d000
0xdc46475c36782bc5,0x434c8a091549618b,0x90a120dd0308cefa,0x2d1213b0e000
0xbc39a000289aff50,0x79c571bea764041d,0x99b76fbfacde2d87,0xdc44a0a9e000
0x7e9654de684ec3e,0x9b73dca27466d09b,0xb6915163d1afa344,0x1a7817747000
0x680bb5d2a666dae3,0x731be0bf05824496,0x93d530764a901b37,0x8b44cbc79000
0x37bd664f2c1f1969,0xa6cf8258bee25bac,0x88ce69c6562d6515,0xfb1e5bd94000
0x1d0891a6d3de9215,0x5a4cd3422a85285f,0xb9d15af0c60de0d3,0x6ad5ddebc000
0x9dfd7f0939c2cb75,0xa4f68fb1bb350046,0x141c8020712d634f,0xe849cb6b1000
0xcb499cd0df985ca1,0x77da73ddb4b84184,0x5fee374cdccc1af3,0x8e0005eb6000
0x1dbc8bd22c10edd6,0x8036a30c7c006205,0xf3f1515a9f091225,0x33f5b2600000
0x57b66f493d11b6bf,0x7f387a9582a42156,0x52e1d738aeed31cb,0xda01d502000
0x4fd11ef772112344,0xe7c79cdea9149021,0x27787c5c524be2fa,0xd6a8480e000
0x117553e5ecbcedff,0x43e0bfdb2fb4eb24,0x8481823cedd7fedb,0xbd3f32e000
0xeac20b33301e7f92,0xaf4ee0b848587613,0xb3c254e30de2aa2,0x1a2d3dc1f000
0x8d44c7731251e1ea,0xfd5ba862d8794e60,0x9ac50652401cad98,0xbaf138ec8000
0xb3e947210200115d,0x4b128b2fc1def87d,0x94917655669f6195,0x5018127da000
0x41c6bf3e8c971195,0xb2d3f90d4bd15df9,0x2f8e2c892deaa3e5,0x9cbcbaa21000
0x8bfffb66d42ea553,0x73412a38f62b4310,0x1beafc8d9a17b4fa,0xac89cc6ec000
0x639b650dca75bda2,0xcb788974d01d1b62,0xa0dc7237ae75e988,0xc1d5da6a7000
0xa7a998360b890b9e,0xf889e1e2b6398752,0x1430082e52202c7a,0xb0a90c20d000
0x422aa51cfb50001f,0x3aca730adf11019a,0x37cb2c6822feda80,0xcb802de28000
0xf5313819fe800286,0x5ed4c4806bad0f4f,0xc06b821e664fbb2d,0xae5f580a5000
0xb82cb2a44d6bf2ec,0xea69a420a7bc81ca,0xbe86ebefde9f2fdf,0x97af85ebf000
0xbac3da18ac760290,0x70ddc3b3c731a160,0x73d21ebf84921b2b,0x5a7703f49000
0x508aedc4e346dff7,0x1d2b18407b83618a,0xcaba5cd777059615,0xde5f484bd000
0xa5d006e04f82d252,0x8f1de4557b658ecc,0xa13c89852ab7f946,0x7c37071e1000
0x90815f5decd77c7,0x5680e7fc7a81b1b2,0x88b9a6fae854fa54,0x419028f42000
0xfbf727b8433dd22b,0x448f917f81c0d85,0x2275cf01cd4b8cda,0x5ff68e498000
0xb02f2ca6691a522,0x6713e7a45042b031,0x558265a967ada819,0xb1105ffc5000
0x29d5d28653d5cdd2,0xf6158a0ed71c625a,0x411391d20e33c9ea,0xff1c4e84e000
0x85b5ff27f55fedd3,0x282e34d6f3f78b1b,0x13b9aaf9d0761791,0xcb42dca7a000
0xf046190ba8edc06b,0x4707d73393c88e0a,0xddec8c8a811717f9,0x22f826de9000
0x1aeaa57c9c44e0ce,0x979d5ef57f364f7b,0xf1d56739d7869544,0x9860df15b000
0xe0fa71c2bf633180,0x40f8db610fda4a3a,0x1e4bbfe6d14b5b42,0xcf9c0da76000
0xd30d15f50824a9aa,0xe559abd2e19d9a13,0x7e16d1bbe17c5c69,0xb9e4e437b000
0xc05b42d3468ec418,0x476e96465d2abb,0x256dc3faf77a1dce,0x9698ce2c5000
0x7937c49a7bdff237,0x6ea9595c6dd19853,0x5401c8b4504ddc25,0x59d76c1b0000
0xf5606ced7e254bcc,0xc83598dcdfc76fa5,0x37d0cd71e0d4261,0x7b7033b55000
0x4ad12edb17f3a9d6,0xa362649817582eed,0xebafa0ca2086a4a3,0x612f8a528000
0x55b538a82a9f0eaa,0x4b73bd842239b555,0x468eb226ecc1cebd,0x3c39fcc38000
0x8ba22bd968fda7c7,0x1d00ab4bf5b82f29,0x26fbc941386fda76,0x472cb2ca6000
0x94b385099ef6727d,0x70f9efeb37564deb,0x2108a9fd31fc1f7d,0x4fef919ed000
0x19aa42a003866777,0x5340f2b765b2d95d,0xcd17830a66327d46,0xd742d7961000
0x718073b3d0361bd5,0x56ab2135ac03f9c3,0x5db01999f28c0501,0x1ba673bab000
0x858e7e0edbb505c8,0xd45d0d054b729826,0xf691ead4bfbc5fd2,0x2d9ee2e53000
0x1de199b0d2cef59b,0x37ff7d1cf861ee3a,0xfe9d3d77dcc9754d,0x267d4e722000
0x183c0db61e0eaba2,0x793daa2af55cda93,0xf593e2836c3de6a6,0xcee6e3864000
0x8d024ccbbe41320d,0x80d2af98552d296,0x63f5874441ac588e,0x1458aa255000
0x84952934ce491151,0xe47b3fb90328ae7a,0x79ed6ecdb4efd12b,0x364e43348000
0xe03c99f5a974696c,0x20724b9d1cd31eb3,0x450cd9e853d3065d,0xbc44cb579000
0x917358dce8de13df,0x7aa54e0e85fe85a5,0xadeeb1e60f0527ba,0xce3fac108000
0xb121d4c5399c9a7c,0x28e11dafabf6bfb,0x56e40205891955b2,0x81d951673000
0x28b819fc2c83118c,0xd3d060611092d6b9,0xb6affda6220d73e9,0x2e66c6b04000
0x80f8dada51ee7851,0xe958a915ada248dd,0x3089b32483181923,0xe02b34fb3000
0x70d5021657ff4b95,0x75395d0f55b0f153,0xb86fa841b555c758,0x1174e954000
0x9760af7e816b3235,0x5aaf7a4b2e918bd4,0x272f4c3d6e0512d2,0xcf754a175000
0x939c030a671e3dde,0x4c2d0b3af7595d2b,0x4341487a50e613e0,0xe6ca8afa8000
0xa69634fc1988bd52,0xa444614785dc422e,0x4143c650b552f219,0x77ff019d7000
0x801f8b0647fe4495,0xa9056f2cf7ada54,0xa2428b30da8f0a41,0xe5df038000
0xc51d77d34e4335be,0x3dc35f95c791254,0x469acc45041cc77,0x4cf9d1c1b000
0x648648f97ba6f405,0x90bf82f591d386d7,0xc869b56cc97adc45,0xe1dff2a24000
0xc46e8e9c54d18014,0xb0b5caf8fec221ba,0xe5e35aff1c7cbb6,0xd5081fe9f000
0xe2267793fdd46909,0xb69dc63f4f8b1cd2,0xfa5e352e676b62f,0x1146b34c7000
0x7577a72cebf6e3bc,0x85e9c9d4a5d5edd7,0x9846e4732fd08b67,0x649558f61000
0xcf265aaef53e095c,0x16214edd4a863b66,0xd5457fbf9e0888bf,0x6c06dd429000
0x9bbc53780b524c10,0xa66d4734019720d7,0x177d6cd8f71bce55,0x24f0ebcf8000
0xf3af179febe44b07,0x60d2028e853a1ce0,0xcbf901ff19f2495,0x6228a0317000
0xc3c0c18a47899f3a,0x7d32e4c389e88a12,0xbf31f65ad4cfba18,0x6a21c5f66000
0x140359e0d5cd2f35,0xb180fb5667aec2f4,0x74aab1225ab88154,0xbb08b04a4000
0x25e2d0bdb8c33797,0xcce0e40a6b1ec816,0xee791eea6a36145d,0x772b90469000
0x70be0090eae14b93,0x9169ad57810dd332,0x7560ec22a2a291c2,0x7c6c8daaf000
0x14fbcdbf4bde3508,0xb91590af7831a337,0x645921d60ab96a6d,0x5be931329000
0xeb7cb8ab5d6963f8,0x2dea07e393367e03,0xed7b6df766c64f9a,0xccefc0fb9000
0x85feb1917c3eb55,0xd1fc8d67f40e253,0x5bdc29feb2d5ba33,0x559193df4000
0xa9ffed0d87c01e4b,0xb8a283f68eca9700,0x82aa756f809a7cda,0xddc9f9701000
0x8c2d8394aba1c80d,0xd8ae912f94d22c69,0xb12197fc5b98a518,0x468c46aaf000
0x910bd3d200550896,0x844e283c85993d53,0x1aeaa78b5c8f464f,0x263814b6c000
0x61e53d55c1444e6e,0xe23af41841550433,0xf193295db07fe446,0x7bfb00adf000
0x5cdfb5168013a6c0,0xbf3724589ea8a7f5,0x5eb29690fb078151,0x7c8a923000
0x82fdaa2cc144a3aa,0xd0b91e6093568b44,0x5fb5740e15c5fe0,0x6f61e0468000
0x5483b69dd40c71f1,0x39503ba08d5c3a71,0xe49b42348a8de118,0xbfb3b2ff4000
0x520a951591b99eb1,0x615f0363af285686,0xc586210ea254a89b,0x190ca34d000
0x1200c1ad351211aa,0x7b4ed5f945227e29,0xcf61129bc0c071db,0xab879528c000
0xb80f29494b93496e,0x1e875d483cca3e65,0x24f5cdb2adb0d970,0x8ed330bd2000
0x8fce729cd25d184,0xbf2cb77a6754c0f6,0xed302ccdd55d89f8,0xa0b3f18ed000
0xd6cfc3fdc5e0d869,0xa792b91f7e7862dc,0xa509acf7376ff9e,0xeadcedf5c000
0xedce238d3f8d0e62,0x7535fb8e7d261084,0x4d8031789e924477,0xf815cc7fa000
0xf5eafba01043db6,0xf3a6d9f413e9eb18,0x5cbc2647fd1973c8,0x88b9b759c000
0xf2aa4e69a319914a,0xf0d647e1be0d652b,0xae04cd2af9feee67,0x8619cbac6000
0x73c9a0d26044ac6f,0x4dba26bae585e88,0x3eb54675afbace28,0xb0854d5e3000
0x8743ab4bf4c8ccd6,0x39f6d356759d13dc,0x3fa68cb44f43c844,0xd9d2911ab000
0x3e462d0eaab3475f,0x80ab3a2890b297bf,0x93fbc7800fc9ea03,0x7e11bef16000
0xa53e15c4ef0b5678,0x14e0ff6d1fea8a4c,0x30aeb66abfb31b73,0xa3937c298000
0x6778996978c7b5f2,0x9a540d81c2d9bd44,0x42bc1a09156f707d,0x9b527d074000
0x7472a1a878f28415,0xb5de0d063638b357,0xaf11cec300a06069,0x539189dbc000
0xd371a4a47ad62509,0x3ae0a1d618262abf,0x29f6c8b0f1455899,0xfa5f5e833000
0xaa01b3939299ce4c,0xc5daef7a13e56ee6,0xe1c7460047f70ff,0x8bd0c8a95000
0xfb88f60aaefcff10,0x42a529f76c1de7bf,0xe9468094762f5f16,0x193e05831000
0x9874b0754f2edcbd,0x3f7b3a2a6bdb01b4,0x44bc924a42a7f85b,0x82495e699000
0xfeb0e22adb7ae507,0xb624f6a933967c34,0x9542e5ce96f8e074,0x5dff3e959000
0xa57e6880919b8e78,0x8137119a96eb2467,0x6842409eaccedae0,0x562baff1b000
0x2ea08a36d929f99,0x5b59c4b47beab85d,0x564233502c6ed3f0,0x58ef7f701000
0x6e95026b105a3e6c,0xc655bec4cc1c4f81,0xa4b566361e24cb87,0x7a082c3ff000
0xb410606845eae33c,0xde2a745a0217be71,0x9467619a147450ae,0x855e77c26000
0x847517c3c1c0cddf,0x395756b67c1e6633,0x9265e9e473d5c946,0x886c42be3000
0xdc68c89e271d805d,0x31ec18c9563071ed,0x97930ca3c2da9354,0x5060dbd43000
0x8d217c2befea5646,0xb80ed9f72965e30b,0x7c210395f5a6b76c,0x4b0db65cb000
0x8e73e5c350066584,0xa33192cd4427899a,0xa9d9c2382e36f11c,0xc4d60b2e8000
0xaa3cb11366cc6561,0x9086101510868b89,0x9af965299420747e,0xd58036588000
0x8e5e8e985cebef6c,0x9118bd0ee5c267a5,0x9ff69cbc5cfa9711,0x2e9e0d25c000
0x1fe572652a2a3a86,0x815865aa434ff502,0x36bf6bebc5f108f7,0x4056e2b22000
0xbba0d2d57f2cb23f,0xea0abaa9b179959,0xb6c4ba2c2285ced1,0x6d10b19e0000
0x1ed8fb1226361019,0x4c511b0b348787c1,0xb8d3fd639c977de5,0x14d581045000
0x171acb7223336226,0x1c4e2f433076be85,0x80fd08aed06b2f44,0x26b69095d000
0x295f562bc08b859b,0x95d4cd6f6e73c900,0x1f9bb754a0c9b316,0xc6cff707e000
0x2628570d3b9a9c2d,0xddf505b238dfb414,0x58cd77db19ea2c13,0x2abaa0a47000
0xc0fecb5117104612,0xeb80f5ad1e33bcbf,0xdf2c4828c1cfa7e0,0x1d757a5de000
0xbc59d2d34a62e6d8,0xd7a2ef5910578642,0x72df574fab078663,0x8f22c8570000
0x463a4d5ef236bc,0x665e3b0530f8071d,0x28e24cc0f57c9f32,0xffd1dc4a2000
0xf8c8f00585d18e32,0x3992ffdfa53aa395,0xfb9a2a9c918f1be3,0xdc8833c33000
0xb9f1603d6a593e44,0xe36d82cdd2db84a0,0xb1a40b6a7fdb1fd3,0xa6ada8de7000
0xe5e60c0d118f0842,0xbffbf06cd69558b9,0x96b9bb0cea107540,0xac82e4e79000
0x22df593ebff873ae,0x81be7a51a01b230d,0xcd4d899e710e174f,0xfd2fd7fa9000
0xfbc798d3916ceb71,0xdfff90bce7b408cb,0xfb9378f9cf94c3bc,0x72f6f41bf000
0xe85af9baac59750e,0xf50ab4757b2dd8cd,0x74a0fe41c784cb88,0xfbc1a48af000
0xd6dafec9af8f315,0xb88612f5d89c05d7,0xd8ba2b84a97c612b,0x2cd8a07cf000
0x8d6a24cbed1221c9,0x5fe7228719b758c2,0xf320dbbb39ef0dc8,0x7aef9ac83000
0x91f20f8fc69454b,0x49a495ed9020abf1,0x3347f3fc23fb6ca4,0xf09003a4b000
0xd9d88e3e38c685a6,0x2cd2da9e6eea4fb1,0xa846fffeb40624d0,0x83c25074d000
0x24701103005672d4,0xb3a4bba78a12809c,0x906d4fb7cba55c2e,0x20f829b0b000
0xc72b897882f5ae5d,0x4c991920515a97c9,0x17c080b05bf4133c,0x7b8a0b340000
0xdaeea1fec95dec77,0xcdda51cb31d4b0f8,0x358171db7ba818cc,0xb841dd119000
0x9cc5c4f886c817a9,0xe8dec6971b779879,0x2711b37d7a392ab4,0x2ac82b572000
0x59a0c00260116ce3,0xfe414663277adbf9,0x971ff2bf1a85f317,0x8aafd46a5000
0x940be1b52a74696c,0x57a2fab13e64985b,0x79fe58a586742f62,0x2d75751ea000
0x9631299dc6fc57ce,0x1a93bc8e906cfa3a,0x6c8fa86556fdeda9,0x158416fb0000
0xaa884a1e436c4d55,0xdd71ed7f176f9485,0xd766df2fd585972d,0x151210040000